address,choice.1,choice.2,choice.3,choice.4,choice.5,choice.6,choice.7,choice.8,choice.9,choice.10,choice.11,choice.12,choice.13,choice.14,choice.15,choice.16,choice.17,voting_power,timestamp,author_ipfs_hash,reason
0x51b9C1Df35B044b5c0099D1fD07EAb7cE38f325d,,,1,1,1,1,,,1,,,,1,,,,,100580.528648144,1704135248,bafkreif2p4skbumvltlivx5q2mhyt4nlrn2jeyuqoxriyz4hoxjddcikuy,""
0x1e90474D2E83e7B7dD45553156Beb316845E66A4,,,,,,2,,2,,3,,,1,,,2,,1000,1704135566,bafkreid6ln5jmdy5kyhc5wz5bft6ndja4kb5oedl24gftvgbdjc2mt5de4,""
0xebE45812659d8A4Fcc0703D478ABA0ba56E49D9c,,,,,,,,2,,,,,1,,1,,1,1000,1704135794,bafkreibzwpgkw5s33cczzldvd7cbsahsxlzittessyu5fxi5ixjwshvteq,""
0xcba08346895f93331caEa633efB83a9906Bd219C,,,,,,,,,,,,,,,1,1,,1000,1704135855,bafkreif7ixsyf7yhoi4sxophhtrfaw7yp7bdo43gt72azqdyrlrl5hwij4,""
0x0CF30daf2Fb962Ed1d5D19C97F5f6651F3b691c1,,,,,,,,,,50,,,100,,,,,1000,1704135969,bafkreidrxezyg4u7fxtokfw2hqajop6eh4thx4obkviqdh4zhwqqygouwi,""
0xA3aD5CFb4FF4B68e37A338Da200BA441C1850B5b,,,1,,,,,1,,,1,,1,,,,,1000,1704136118,bafkreiccwoukzmxu6ngotubzgvw3fcfkmjhzogawoz437jr5g4luwhpv7q,""
0x9e602c1920443F01Cb100a57A7F894df8Eb42f66,,,,,,,,,,1,,1,,,,,,1000,1704136266,bafkreid5tq7etmhk2373ddyc6duysswoonilosb6xiyo2m6ebjrvdjfj7u,""
0x38a03958C22065E13397B19c817E74e9477D5984,,,,,,,,1,,,1,,1,,,,,1000,1704136290,bafkreicshvaoz5xyoku6wv4tkpxntu7sw7pcv6bqveenz2wo5oxwdhayry,""
0x3B981fA5dD50237dAb6F96A417A6690B6f20FcC4,,,,,,,,,,1,,1,,,,,,1000,1704136368,bafkreifkzhnmtmygp5xpgpp6gtxv4azvy3i24uj7ldr5e2ngfh25g5kvri,""
0x3b6CCE32ba37fA5689Fab313371Dcf044ECeF536,,,,,,1,,1,,2,,,1,1,1,,1,1000,1704136521,bafkreihdzkxist6clf23wifduavlepot3b7z4helftksqc2iy5shgwa4ee,""
0x432C53218A11bEd08d238Cf84ff547CE4fe933ab,,,,,,,,,,1,,,,,,,,1000,1704136576,bafkreiaqv267uekcdmgngwxr4mjvkfexabgofwncdxj5ev5qp5egid3wnu,""
0xf9e1D1e9F22c96752356AdFd377231528c7E851E,1,1,1,,,,1,1,1,1,1,1,1,1,1,1,1,1000,1704136734,bafkreieofiyflektkfcubt4h6qrivj7mk4ph6tnr5lgis2pfxzjbcvku5m,""
0x6C9258895FFBE2178b3EdEfE09AF304a1e99bF2F,1,1,1,1,1,1,1,1,,1,1,1,1,1,1,1,1,200,1704136980,bafkreidld64ptgeuvvr5netu6raqpaugbefkhlkbavvu35lv366akcxrk4,""
0x9d17Bb55b57b31329CF01aa7017948e398B277bc,1,1,,,,1,,,,1,,,1,,,1,,1000,1704137349,bafkreih5yrzgt3ydzuvyne4iupj3nrsbgq5brw2vurtx35yjkixua7gbmu,""
0xafA3E6E29D99337b166b83fB24bA17b19764B49D,,,1,1,,1,,1,,1,,,,,,,,14738.8395,1704137609,bafkreicbnfymj7atbzy5b4oml6laspscerqcppklium6kl5ipbdufbnxh4,""
0xc2aEdB7D84B168683185CC401dD2d0d9B14d1aAE,1,1,10,14,1,1,1,1,1,1,1,1,1,1,1,1,1,1081.2295,1704137710,bafkreiccqn7gk2k53lranw3pwataaklln7ozsbv6okadf2k5hdo7coap3m,""
0xBEa26DE685Ef828b60cA53b40Ecc9Bab35645fDF,,,,1,,1,,,,,,,1,,,,,182.11389320129555,1704138996,bafkreiek6r7et5id4xzpd3pekxvooh2meyac7q3wpmelpqta57ao42dzii,""
0x3FFD0C300fa4a021364Ae7e85a7b0d3a02133f99,,,,1,,1,,,,,,,1,,,,,104.01828968389601,1704139079,bafkreiaxlf2b3dtcbc7unxqcleqklw4e2voy6iyf5i32vui5azuisrugrq,""
0x6C965b656C450259a6D4d95A2E68Fb4319EecBc0,2,1,,,,,,,1,1,,,,,,1,,1000,1704139614,bafkreif6vsm57gs3umd4vyawgy2dex4lvlsrw6b7qnyr2dvg5f47rwmloi,""
0x8dA48e5846c06B558970ACd42EDc7Da8799481E4,,,,,,,,,,,,50,,50,,,,1000,1704140047,bafkreifyj2gaspi4u25isszc6ghfj2qzkifhtd5awahuwiiv3tswcrl6hm,""
0xaa79B87DC8B046A5E4f7D03F1562D7fe5BF98737,,,,,,,1,,,,,,,,,,,1000,1704140143,bafkreidze7azjnmc7hm6gn3ijwnwnzxa4za4yp7grs6rahu7xmlqk27eei,""
0x2AC6A3561a43f06d62602eF9728C2B9eEc393326,,,,,,,,,,,,50,,50,,,,1000,1704140264,bafkreieyrbercjxcjcqb4e6yuq3mfy6dhdizlfhpaidl5dftk7fdfgfxyu,""
0x583bBaDA56bb535BCBb31877A620A6ff2A25CeA5,,1,,,,,,,,1,,1,1,,,,,1000,1704140579,bafkreicn5gaic5rf3i4l5cuzp2hdw3njc4vowvrkmfzj4mkzg334vody6m,""
0x752a1ec2358082D1e648e4FdaCcc41d321d9Ff6B,1,1,,,,,,,,,,,,,,,,100,1704142060,bafkreia67oegxw2rxv3zdpntgspvu7dr3zf2serj3dcwvvddurnt66k7nu,""
0x25FA68A4c340202737EDBC67fD1a2Ec8DE872dB6,,1,,1,,,,1,,1,,,1,,,1,,111,1704142236,bafkreicvpo75wgwrudwrlvmfefv3w7yr3jaqjxpghrymjxl3r7uns5egxy,""
0x30C7F4F7504D6366916f669cd8E731ED4dF6C702,1,,,,,,,,,1,,,1,,,1,,101.00000000000001,1704143596,bafkreifsfstn7hxew4j25ig5yjzfxtmheiltwf4fzkfuz4dscg2iwp4g4i,""
0x1bb216120E8F939f520C610Bdc3C88aDAc4b06f7,1,1,1,1,1,1,1,1,1,1,1,1,1,1,1,1,1,541.68444294,1704146827,bafkreib4zr4ty4gejhcr3tmtxpvujrebhtrp6k63ulflp2253d46krlkam,""
0xb3313b023e68CdA95d7B625200e1B0fE6335A0c2,,,1,1,,,,1,,3,,,2,,,1,,1000,1704147038,bafkreietgp7yvxxm3wbkmmve6gfb2tfdtaiecbnzjygshwrc3pk6glk73e,""
0xd1a5b91957530E1B3e9cfac1543467C60c352F69,,1,,1,,,,,,1,1,1,1,,,,,1000,1704147809,bafkreiblufc4iluut3qcqjrv7v4tbwbm5ghex5ux6enctghvp5fauyr764,""
0xE77ad9c5af60332D24E5531B51A6B7f61D0B8703,,,,,,,,,,1,,1,,,,,,1000,1704148298,bafkreic47uapsffl6hsagb2xzki3djvrz3mu5ee4psgp2gmw2hspoqk2rq,""
0x839395e20bbB182fa440d08F850E6c7A8f6F0780,2,2,,,,2,2,,5,,,1,,,2,2,,92373.94857469834,1704152798,bafkreig3ig2hi4uj7toyj5vwbblf37b5jgz6ijngf7ysez2fpchuw3cmky,""
0x981E7512e87D2F7228D3F03b65950EB6A1b21baC,4,,,,,,4,,6,,,,,,6,,,151618.31852759997,1704153297,bafkreih7sgvm5rnxh3c7zxpbfjwz4npb46rfyzfjjmvrlmsq5i5jqxw2ym,""
0x770569f85346B971114e11E4Bb5F7aC776673469,,,,,,,,1,,1,,1,1,,,,,1000,1704156798,bafkreiemn3w6pqtvmlppd6isq2areniy6b2qyaq2bstiqrec2mjjekrzei,""
0x41fD941BB20990B5BEc8CB424f19397254707981,1,,,,,,1,,1,1,,,1,,1,,,517.60815935,1704157734,bafkreidjldtvdoriazwva2ccexhoojak4tjqdazvfp3k2blrdj4cr2hu5e,""
0x7e651F5f597436cD0fa941F5FF2cD45Ef3F2Fda8,,,,,,,,,1,,,,,,1,,,109,1704166301,bafkreic7gykjcazsen6pkxs2xg24s3hgpywwlhvvllbmunhrj7iornouey,""
0xbC1500dAafF721f626Ef1a4F1a8C4e333648c5A4,1,1,1,1,1,1,1,1,1,1,1,1,1,1,1,1,1,1000,1704166835,bafkreicyqtrpc4lth3pqhiqztdwrpl7pw67ilgixxpdxmirhlyw7234qvq,""
0x3bEcE46eA4cb308b1B8D8f50cB1728D6A4a20808,1,,,1,,,,,1,1,,,1,,1,,,990,1704178968,bafkreifpsfvjkarum63dj2lqhn5vzpjql5ayf5kwc3ewter5lsfuq5c5ce,""
0xc42c77b6B2A2B220b9502F357bBf51334Db3C93f,1,,,1,,,,,1,1,,,1,,1,,,990,1704179192,bafkreidtkrd2ntiqblkenk222xgidyn3qjvmtrvrfbbm5tafrob6sgaham,""
0x4506568E4733F3062CfA9cdb952Ba7904Fc7d8bb,1,1,,,,,,,1,1,,,1,,1,,,999,1704179237,bafkreibmu6uqrufyoxumk3ztrc6gt4ljkfdvjalavv4svsnersicmafdp4,""
0x8D247f4Fbbe81429d3D164a5c9Ae0063210edBdC,1,1,,,,,,,1,1,,,1,,1,,,990,1704179293,bafkreigqswl4j4b73csruram2edmcw6lmkkmulco23begjyrpiwoihbetq,""
0x841AD0AbAb2D33520ca236A2F5D8b038adDc12BA,,,,,,,,,,1,,,1,,,,,133.7,1704181057,bafkreigc4jjuzzcebcfh6sedormjznqe5zc4gorxbl4gry3rvotblwbwre,""
0x4eFFbA37E8C7e34Fc4241995b3380F2B9033C99f,,,,,1,,,,2,1,,,,,2,,,1000,1704183854,bafkreig7mcjfcuiizxvqc7fkvrpvmqzt67cto2rlcfyqffj3zoyq5f4diq,""
0xfE1552DA65FAcAaC5B50b73CEDa4C993e16d4694,,,,,,,,,,,,,,,339,,,339.08547415,1704187045,bafkreig7jiwd4264m4masxkw7qxl66ucq3usrn4ydxqrc4ksgrj3jr7w34,""
0x5d9fbd984B9CeC714a4B14c38Ea83bBC82d06d69,1,1,,,,,1,,,1,1,,,,,1,,500,1704187116,bafkreihjnpmzlb34nj55dxhhmkkn6rolzxgxjeb5vppq2zsd337ekgzx6e,""
0xC28D2fDFE6d5a482d32f855457Bb5F8cAcdB32b1,,1,,1,,,,,1,1,1,,,,1,,,100,1704187673,bafkreibdc6dlttmrb7pbq3jku7dbv7pgoed7zc5ho4ghhcibpxtqoeekjm,""
0xa305B293e44A82f3Cd489b5fB26084647bb5D8ae,1,1,,,,1,,,,1,,,1,,1,,,100,1704187758,bafkreibdrdtmpp55edjk74otee5lrpeift7ubtv27jk7pguvx6gcqj5n6a,""
0x58d7d9c971A613117E493062bEC1A6A5484f2780,,1,,,,1,,,1,1,,,1,,1,,,100,1704187799,bafkreibnt3adjazodpe7r3lbcldloner7zpwbtryxcfisvcg3n7s2ihgyu,""
0xb35E0a0D00c640ab75fAD3cf3B83264bC64D23eC,1,,,1,,1,,,1,1,,,,,1,,,487,1704187837,bafkreiaxcwh3m2urpit7wqf6lwloc222hwkvfap3zz4dwnn3jpttywvfwe,""
0xF911f24D3033e6E0948020ace70C003943D3a92e,,,,,,,,1,,1,,,2,,,,,8619.46075027703,1704187986,bafkreifg2waqewxh5bs5ooddipnethitdij6cnuoqa7uaxe2xujd2gxtp4,""
0x2B888954421b424C5D3D9Ce9bB67c9bD47537d12,,,25,25,,,,,,25,,,25,,,,,1000,1704194752,bafkreidh4koc5ue24yayp2r5iqobwd5jf3ggdf27hrlkoazzjtjnn5sqti,""
0x6F219Bd1167568aB67494A9067CbbB5679bf0022,,,52,48,,,,,,,,,,,,,,46359.05031722,1704195086,bafkreifvsyx2tiivv2yu34ycvzb4fhhkcrcwtgfstqxtschsfccpgy57my,""
0x8A8C879D39A74fCE0593714956bB7Ed048A5c1BF,,,,,,,,,1,,,,,,,,,1062.8425350078523,1704195933,bafkreih2tznwkqakkt4lff43ect6avftnr24mnviv5tjeh2c3aj2gs7bqa,""
0x2df292AF809Fd693D94C7D17E36BE352e15Bb98a,15,15,,,,,,15,15,25,,,15,,,,,1000,1704199346,bafkreifyrhrrtwtjabwvmpvuekaupfqfdezybtxgo2cy4nwzvtgr5lcg2y,""
0xa77294828d42B538890fa6E97AdFfE9305536171,,1,,,,,,,,1,,,1,,,,,251.42,1704200711,bafkreicu6dflfojta5rduwxg5nfydhigpqorvyfudqzcxjvvsfthuvsg5e,""
0xdD7Fbd024e7e484d41d14936a44709992C8A1e07,,,,1,,,,,1,,,,,,1,,,1000,1704205990,bafkreicxqoxd4omqrentihhr3gmonctrdff7g7gm7fmn7tasimqp6ugjx4,""
0x4dD6720D2Bb8721A46bdF9a528704164578E03B9,,,,,,,,,1,1,,,,,,,,1000,1704206219,bafkreiaqjv2jsjtu4ckuvl3yaci4za2upf57ifrlwercj5kdzttjbugiui,""
0x33f6EE932cEa603Fafd6854827259bE172C91Da4,3,,,,,,,,,1,,1,2,1,1,1,,1000,1704207269,bafkreianenwpwkr4beac3hcfttrsmnoxjkmge4uhsxngmcv5f2nyd2trie,""
0x7E52082fd8ca9025E7E2C4Da3fc7C4FeF9Fd9706,,,,1,,,,,1,,,,,,1,,,100,1704207470,bafkreieymbdld26dqaz5ayybmie4lme2lcp4ebbtsfp3jqs4u45dslfrh4,""
0xe308eE20eE2528830f53364E84B47e0ed08d4efA,5,2,5,7,2,3,4,2.5,10,6,2,2,4,2,8,3,2,1000,1704207472,bafkreieq7fmhyepbd5kwyr6dzccmi6m3q3bvr6o2xghy3ugg6lxsfd2j3a,""
0x104AF6c440D274a4abCb353c0Ab85DC2f911e074,,,,,,,,,,1,,,,,,,,100,1704207482,bafkreignrlwj64dt7quy6wj247lrqfpfgywh3lh6falrevi62d42vhjdie,""
0xCC3d7F9fE6946979215A901BbA385a88FdabBBf4,1,,,,,,,,,1,,,,,,,,109.5,1704207547,bafkreiayloq432ot36mkyhm6vlbaqprhzcs66usl722c4ljhkapcpfrbim,""
0xb8347063596445f5769a199bCF39372665D92673,1,1,1,1,1,1,1,1,1,1,1,1,1,1,1,1,1,143,1704207682,bafkreidtn7sdh3objnn5nyg3g4ouqbcwlnovijrzk3uwxjsjwuespf4tce,""
0x316491AC016B00Fa774062BC278f7c9b21AdF627,2,1,1,,,,,,,,,,,,,,,121.863,1704207722,bafkreigi5frnxz2ttjjqfoogkamsnd5gwz6scku3x6vrjhap6kl5yjehk4,""
0x2E7ADf775D354bc8Dff550deca0A9035181f61CE,,,,,,,,,,110,,,,,,,,109.875,1704207765,bafkreifrcv7hnmhich375lrjoqxxihhhufyzvsodxa33os7gsoa4lxa7yy,""
0x8e7D20638947132B0e6E1aFdE2da1B103aFF9280,,,,,,,,,1,,,,,,,,,120,1704207768,bafkreifzij3edmr3jib7dnab2ruqqaot6e5zhfortlq7cvxuadxjwi75fi,""
0x9A387307F7508DE113092BaFC5CB4B3AE0706521,,,,,,,,,1,,,,,,1,,,113.77,1704207795,bafkreidubkbqua3nfeujzsemhuhydxh754agbv2n5p4oihryqmijirwsa4,""
0x8c79A3252D1ca011dd1be1D8D9dDBdAA9f445D14,,,,,,,,,1,,,,,,1,,,145,1704207821,bafkreiewcnvv5wv54jntqz7si2u5w3px6n5ntowilsn4mjxggy6i4wnqpe,""
0xd98aD1Fd4aa0E1c876d91968D1385aa9E1Aa98df,,,,,,,,,,1,,,1,,,,,110,1704208486,bafkreigthjuz7ptcstxav4razrzm66547elq6t4xjvtgkfedqeywaebjqe,""
0x8bfcF8cb383149D4Ef37e7A609cEc195CDCbE099,,,,,,,,,,147,,,,,,,,147.1,1704208847,bafkreiccyyeb5opajrgkvllp3op3izetayoxgkdgogwc2a5bcjmjclur5u,""
0xB9573982875b83aaDc1296726E2ae77D13D9B98F,1,1,,,,,1,,1,,,,,,1,,,1000,1704209017,bafkreifjzkosxkikfuhceuietx7uzz7rw4j7exb5yufpmjlsulgjlilyxq,""
0xc191a29203a83eec8e846c26340f828C68835715,,1,,2,,,,,3,1,,,1,,2,,,1000,1704209162,bafkreidmhetjrfbatkyqbmeou66kea457rqa72bit5a6o6ibunpp7daswy,""
0x6c3F373Baec5D2d0Fb3C82C4f3Db5E48873ae363,1,1,1,1,1,1,1,1,1,1,1,1,1,1,1,1,1,1000,1704209470,bafkreihdtsdn7poefxs43yoxzcxna3hnz2y5ynp4mw36smp2zv7jqgtzte,""
0xB68da7fbF71383Afab240839287878539cFFf20b,,,10,,,,,,,,,,,,,,,1000,1704209765,bafkreigfln5d5r3genffp3nefyomqdn4mq5lg4phl3rr5ev2hrxec22j6m,""
0x954F716e6de059360d278B773138f8e046696721,,,,,,,1,,,1,,,,,,,,1000,1704210612,bafkreidi6eg2qcvbsggxgd3f3pgyonsxof4yopjhz52ljf2kj7glqhr2i4,""
0x07506a5F48D71fDB34D3900fB086D43EF1B58FF9,1,1,1,1,,,,,1,1,,,1,,1,,1,100,1704210722,bafkreicyb5gocvaslaqwhj2rjkabyrykyxzlx3t57tsin7z6z2s6oi6o2y,""
0xB26B5137BE5A7bB991Fa63A36a8EaA3daF394B7b,1,,1,1,,1,1,,1,1,,,1,,1,,,1000,1704212450,bafkreidl7prrmq6s2aamk6edjxcmzsltecltwokyokuhsvwfdcpphtz7je,""
0x002B5dfB3C71E1dC97A2e5A0A7f69F3e7b83F269,,,,1,,,,,,1,1,1,1,,,,,150,1704212740,bafkreiewmgpj2z5dajc3lajuomprbuf356yr3vtidjgndnlxwsjty7vpju,""
0xaF7610578F54c7De7563655AaF461E2CbeCB08C6,1,1,1,1,1,1,1,1,1,1,1,1,1,1,1,1,1,1000,1704212815,bafkreih4sw4gg5sxbrpr2mnu6uhtrgaefwwbvofan4vtevq2bsjws6za3a,""
0x719028736f10164c838Ef129936779eD739312f2,1,,1,,,,,,,,1,,,,,,,250,1704213209,bafkreibev2mazz4szrpunlfe2vqlmzuzw65pruf34kjcdrwcaifduwrofa,""
0x47ea9e812f39bc26F95Cbf1fc36230558492133d,,1,1,,,,1,,1,1,,,1,,1,,,101,1704213666,bafkreie4xw63rblcx7gp6hy3znssuuto27tcqr7prmol2ffklxtsok3iuy,""
0x187089B33E5812310Ed32A57F53B3fAD0383a19D,,,,,,6,,,1,,,,1,,,1,,1000,1704214248,bafkreidyepdpvbmtxgpuhudb5cvpbeirj6xqevofodh46je533oj7c2wsy,""
0xA9c96d71e9C2d499f424b2A490006e8D92225222,1,1,1,1,1,1,1,1,1,1,1,1,1,1,1,1,1,300,1704214517,bafkreiht4ndy77yucres7aowmyjujaiose5cnk5nhepvsc54lbvvv3outq,""
0x2bC12061C8912505978472C21d4a23dB43AF62aA,,,,,,,,,1,,,,,,,,,101,1704214827,bafkreihohk3hvlxiy3tjfwjxycgtkpp34ir5rrnchdtvbxipenykp3m6l4,""
0xE8e182dA4C2514527296B9Ca1115c25058078Fe0,,,,,,,,,,,,,1,,,,,130.885,1704215551,bafkreie5uxfwpep2cmiosuo56qja7cykgffxeidr7rnf5c6bq4alx3bda4,""
0x2dd2036C9Db2ADA2739509AF0047c00C8b9291EF,,3,,2,,1,,,2,1,,,1,,,3,,1000,1704215806,bafkreifnp3t3rqcefnbh5j6m66pb4ea4sbs4wz6fm5ckpyvfmntppbgtdq,""
0x55F5601357f6e0B10a3386914c93916c6C9A368A,24,6,2,2,1,1,1,1,3,,,,,,,,,100,1704216164,bafkreif3gulmjjxafhtuh6k4zb2h2r2fsr3ezqfasbjs2o4dusm745vmka,""
0x884Ff907D5fB8BAe239B64AA8aD18bA3f8196038,,,,,,1,,,1,,,,,,,,,1000,1704217721,bafkreieooag6wajwo6vaveegka2vudpumoqcnf6byurvi42unv45tu22ym,""
0xb150c9bEd10a8C62997d58a81c4e1fA75160643e,10,,,10,,,,,,25,,,,,,,,1000,1704218589,bafkreiaspvep3skg7yww2cblw7p3buebtvpbazknjktrzzw5sodiyqkrlq,""
0x22bAac1E95efC010E35D5eD643BB16c9dB254a11,1,1,1,1,1,1,1,1,1,1,1,1,1,1,1,1,1,135,1704219017,bafkreidlba7ihcymunsoz7avuq4eimak37sexxzptwgzrgg2s66abtqiei,""
0x212647c56BA10ee429a838bc567dFb03A8D054Ba,,,2,2,,,,,5,4,,,,,,,,1000,1704219037,bafkreiadjoqii2tgrr7evn5lic5rdybdtxktc4y3eonwfuai5gznahzpxa,""
0x015122A625b45f68E6D795C0Ab99fC7107e4c3B9,,1,,,,,,,1,1,,,1,,1,,,1000,1704219803,bafkreibb7sdwoa7b2h5fxtay3o3ctakjxsb274yhsk4tq7bd4zc2uc3jfa,""
0x7537Cb0AEe6a3483a7601ebf1084eD4df73166Ab,,,,1,,,,,1,1,,,,,1,,,100,1704220697,bafkreicte7sjc653nsbwvq6l2svanza3weqiqs7l7dhprdgbvgihvm4nka,""
0x3Ae33A504795aEAac835e3f5060F167f2895F3F7,1,1,1,1,1,1,1,1,1,1,1,1,1,1,1,1,1,101,1704222635,bafkreieoogzmv3jltovdez4zec3wghetmr4qwfiv4li63qzfpkaouxzgd4,""
0x3df13B9bd79158f0cccDDd0833cF774178e3d2e9,,,,,,,,,,,,1,1,,,6,,202.36008238176817,1704222893,bafkreib2pm6uxmrpzq2w5ylxa63rd2mp4gvsfolfabfri4v3fcz67u3nwe,""
0xbb4D885fD41c807e8eCC2dD9e6295a7F96Adb0EB,,,,,,,,,1,,,,1,,1,,,101,1704224442,bafkreigaahulffps7ttbmt4wul36tuj3gklexarvkbxlqzv5btsutjqkqe,""
0xFB40932271Fc9Db9DbF048E80697E2Da4AA57250,,,,,,,,,,100,,,,,,,,1000,1704224881,bafkreiakcokkpjwiki7jyddoda7qmt3qwtbzdrez2zujeqcfkeyge2d7cm,""
0xE36BD8C15a83b89E2E49806d7312846069755C63,,,,,,,,,,100,,,,,,,,1000,1704226043,bafkreib6re4r4op6tj24bnsks2uaxjsfytpf5gppp4gdioiv3lsqkbadqa,""
0x073a360C372FD51Bd6E56B4a4d73790fDAec4641,17,16,15,14,13,12,11,10,9,8,7,6,5,4,3,2,1,101,1704226596,bafkreictvcw7zoxjspe55qsb4bhdayzljpxaogkaml6qpqifbmoqr4od4i,""
0xCDdF772F8A3295C89DC37510E16e360ee2d29789,,1,,,,,,,,1,,1,1,,,,,109.841,1704227092,bafkreicqg2jvwauosmaprwnsidsm4ss7lrrhbxyboef65wmleaah6vk4py,""
0xC2812325caD4C4C782CbbC1164e9373371D31dB2,1,1,,,,,,,,1,,,1,,,,,200,1704227295,bafkreihtaivhshbokrh3uyioamagd3uu3oh6sy5fth5epawxxoiome6a6a,""
0x653d973b36137A5cB2fc304996E0af1F1afCC628,1,,,,,1,,,1,,,,,,,,,2531.184582909155,1704230165,bafkreig7a7narahlrdcwyvkqzmscehs7scoxeykxkcq3y5osbdbpz5pyay,""
0xE8b6b71f3b1E6d2ad406D2cf36B1f2C567342dF1,,,,,,1,,,,,,,,,,,,103.68651813,1704230235,bafkreiav7zg67y5in3he6xdtb67lnxh2i4tvlhqdk2pqfuilojmxoaaid4,""
0x8f21bD39FcAeA3A729D46339A383081ecB7E84E0,,,,,,1,,,,,,,,,,,,64322.83403653502,1704232226,bafkreifjzroxzjwijnrop25ep4gosiy67m3fzkfjvxvhfhwdwn5buj3xja,""
0x686A484bc2E2bE79f358c7055e8539A69413A3Ed,5,,,,,,,4,,3,,1,2,,,,,101,1704232383,bafkreid5uh6vz6ji6r6org5aky67v4kiinpby5blcu45iloyvsxspogxym,""
0x9Ff548c1B3eA3dd123AFE39C759dDA548009B6C8,,,,,,100,,,,,,,,,,,,92238.09756710463,1704232537,bafkreibh6egke5sy47p4jnyqsaal4gqy6n6yhci32kec4vjq4hrc5jync4,""
0x4Dcb2BCA3450B427F3d1b424C885259D05363080,4,,,,,,5,,,3,2,2,3,4,,,,101,1704232579,bafkreiaatiw6lpjc6ie4qmao3asam2xdrv5bbqc2loj3wrc6jagfs65djy,""
0x7Dd8030F9d33Af4a40ee074f990892E825132e61,2,,,,,,,6,,4,2,4,3,2,,1,1,101,1704233129,bafkreigjwlcyc5tarei45dyu2eaqk4v55yd6kgcpwrpxtdu6qetct6muk4,""
0x4103CFcb300599dFcB31dBc95d919592619B4EAc,2,1,1,1,1,1,1,1,1,1,1,1,1,1,1,1,1,112,1704234093,bafkreig5aw2g2wro6uvhag4gybqdvowmnivniy7btaoeiznjhjobhbzbcy,""
0xaA95cA26c92b0634dF7a1A1504f579F13bFB7f9d,1,2,1,1,1,1,1,1,1,2,1,1,1,1,1,1,1,105,1704234834,bafkreiag34hjwlxtmbuqwrmf4hykvo2qkphgqo6a7sygueaxza3xbkkh4a,""
0x1d44404C1C53991Ec33095225da173d544Cd4Af3,,,,,,,1,,,1,1,1,1,,1,,,100,1704244622,bafkreihgf2hoy57dexycbepenltwg7gxbbnvpcuoaugu2bqkd7hlytyv5y,""
0xBAab83De8DbA764bF02a530cad33555bD23eba22,1,1,1,1,1,1,1,1,1,1,1,1,1,1,1,1,1,1000,1704245497,bafkreig3mt3beycz7cflnubwosskng5y6pbvq6i7ye7mdqcapmxdtzxpcy,""
0x8558f502887a9a52c4B265d72327E0E529Ff790d,2,,,,,,2,,2,,,,,,2,,,207974.13928498205,1704246076,bafkreiesjm4yz7bv62u5rzyz7izoeylv2d5ri7ggjdlmlciwtopfke4x6q,""
0xCE8D52c38d74B77a0aA361c48Fdce6b220A3370e,,,,,,1,,,,,,,,,,,,1000,1704246952,bafkreihvqjsquhppgswvqbqimx4x4ttlcfkb6ecioppwotpz2l2pjt3nbi,"I have been part of FtC events and they do a really good job"
0x42EeD31a8BB26099364b301ae087ACFB037Ba864,,,,,,1,,,,,,,,,,,,100,1704252422,bafkreidgb5bnynrmpulpnbdibtevezyemus32fqesvtpnp3hkz4n6vp62a,""
0xd61FA7454b484cbAA69a7f7c04b3610FbcF2514B,1,1,1,,,1,,1,2,2,,1,1,1,1,,,250.738,1704257194,bafkreia67ganrekj4lseadejvgibyfstzj66fd7foemnzaedfnza5eboue,""
0x02d9c84a495986b8b3C3347Ad16849DCB1b9793e,15,6,15,15,6,30,15,6,25,20,6,6,15,6,15,6,6,261.8,1704258399,bafkreidu75apzdkx2u7kisabt4osd2cfizwkyzpnoplayemw3lhyna6cgu,""
0x6b759Bf480407D19c8903c16023c706868c29a2A,1,1,,,,,,,,,,,,,,,,500,1704263983,bafkreignci2sjelualaavxls5erpzu4yp7amcnlsmiqthfe74haluqvx7i,""
0x5AC583Feb2b1f288C0A51d6Cdca2e8c814BFE93B,20,13,,,,,9,,8,,,,,,8,,,2000,1704267536,bafkreif3hlzoeh5epjtz7jtypupw6x6gy6zzt2jtuzzergmeruts5s6exa,""
0xDc9C5e34959eC3643AF1e1D34A83D6b251AAb1eF,,,,,,1,,,1,1,,,,,,,,108.5,1704268057,bafkreihk2zem2wb47inla4yrc2oectq4wkuw6e6frkqwd7acohjpxcwbv4,""
0x40DE3299Bd8a10D8Ac3f32C1A55DE40640cF9B75,,,,,,1,,,1,1,,,,,,,,107.83966650182309,1704268219,bafkreiftk3nnd74jllb5bqvftrswjfrad5mg3jq3ysnzbu7lifesbd4wfu,""
0xf5AB6B4a8d578807491ef59cE855982990932617,1,,,,,,,,,,,,,,,,,102,1704268317,bafkreihvbgbdmlpchqno5mozvyop56sjv37kqxcxrdxpymr7trh3gihgme,""
0xCBc924183Bc32D02746Fa8D38843B5Ce08662eB4,,,,,,1,,,1,1,,,,,,,,104,1704268362,bafkreibcp7ja5b4p3kdvjnygzoqg72emvufps2jmsdegqfwuigpi6vont4,""
0x8e30Dc2AEF957B1F7dd67B1b7bC651fFe7E17a06,,,,,,,,,,1,,,,,,,,101,1704268395,bafkreiayw2p7v6dlzyyw534jpcqq5r6x6zn5ehk2x627afkahogjeecxkm,""
0x10a84b835C5df26f2A380B3E00bCC84A66cD2d34,80000000000000,,,,,,,,,,,,,,,,,1000,1704268424,bafkreicbto4wb3dvc4ip2y3grzdbuqhdjbhd7ed5hko3bcammucuzsrm3a,""
0xC33F87697EF41e0E95e7a55d1ec8180F04088578,,,,,,1,,,1,1,,,,,,,,108,1704268433,bafkreifnhi6rufwjc722ynoja6haeccopo7kvegxe3ufrhbmvgrkpar2ga,""
0xdd0206010CA82fF22303b58863b3a6f3006C86C4,1,,,,,,,,,1,,,1,,,,1,1144.6422,1704269478,QmVeETmMbQzJCvMArt8C556DodPE99eLPPQPCP1Em38Eip,""
0xDf06A761D286C0ae835173236E1f12f1379E4977,,,,,,,,1,1,1,,1,,,,,1,1000,1704272400,bafkreih5izzizjbf275hkzasairaycllriq5jtqip6xvqtxnapegqseofq,""
0x38f80f8f76B1C44B2beeFB63bb561F570fb6ddB6,3,2,,,,,3,,1,,,,,,1,,,1000,1704275452,bafkreifa5vttuhnihatytkewdxrra2fd74yajqxwrp4ims66slbm6v563e,""
0x7bdae9AAbE238188c4882D48a3aEE21288A38eD0,1,,,,,,,,,,,,,,,,,125.52,1704277677,bafkreihugr6rjurdpk6anuimau3m2ln6jw2zky6wxkn757bvpqm37ijq44,""
0x6D97d65aDfF6771b31671443a6b9512104312d3D,1,1,,,,1,1,,1,,,,,,1,,,1000,1704277985,bafkreigi3winxjwszj5dgwjqtzho6flsybuoncf5wri24tqeuzevh6xau4,""
0xAE2C7AB762317DB453317b70f1f40145755fAfb7,,,,,,,,,,,,,,,,,1,126.82,1704278685,bafkreibf7zxrwig2gumscwxnerxgbtypcicbtvyysr4fxb4vl3er7l6zta,""
0x90C32e6B29794Fd7f5BbA2BBEE74e924078B3f9b,,,,1,,1,,,,,,1,,,,,1,1000,1704282111,bafkreidkwo6po7xv62qvtsyyda4kilj4x57m5urjaldjbuaxgpj3pfy3ya,""
0xCd0D4CDb238Eec15Fcf4ff9d13d5a59051E507D7,2,1,3,1,1,3,1,1,2,5,1,1,1,1,3,1,1,17000,1704288894,bafkreianmdrez3qxd7gvvoqjpqfh24k6d7bk7zn2d3pypri33mjuidkone,""
0x85c7D244c6057D42C770aD85aE198Fc5F47957fC,1,1,2,,,3,,,,2,,1,,,2,,,4277.355401178872,1704289161,bafkreibffllqvgf7jznmb3lfqa2dvgmln2upim4cjumfxvmq42lopremdm,""
0x76B4b27B47f211448964eD2cf92F731412602700,2,1,2,1,1,1,1,1,2,8,2,1,1,1,1,1,1,1039.086401508954,1704289221,bafkreify5rfpyoacgnjrckhwvl4arpxdgrztfy2reqqf45wfjq4m6y2a6m,""
0x8341c4106523b49fc247f84e412Bb2AF5597038f,1,,,,,,1,,1,1,,,,,1,,,1062.8121428688498,1704290084,bafkreie3lum5vn6gu46zh7rg56xeohjmzha6relnrbma2oizdwy4yqzyhq,""
0x87704a8CecbbF36f3D2f785Ef953eD9aFFc82b65,,,,,,,1,,,1,1,,,,,,,1001,1704290146,bafkreifin4w3j6tc6whgdm5xh4mzdtqj72eggkemo5clxhqvktxv2jiwdy,""
0xb423A138fD171c28d90A5883A01ec92fF3D63609,1,1,,,,,,,,,,,,,,,,504.4923460915159,1704291384,bafkreigb5wx3g4xit64pg42ibh6xaruhtroblt3flxqbnb3uxitceca2ri,""
0x9AE494FBAc34682c122A1D4e3D6ae1Eb5404A469,1,,,,,,,,,,,,,,,,,1289.2077755046655,1704291437,bafkreibyi2ubyludepzm47kfuo67a2w4vuyb7t6abdaqspcezuwzc54dbq,""
0x1021e61f2cDd8bB295b0e64A20eBB7D8ec3734bf,1,,,,,,,,,,,,,,,,,124.88823621061813,1704291513,bafkreifporaqekzqwjai6dl2ndxzfasfnukkin2rdrx7sd75ucccvginrq,""
0xEb263241eB948Cc0eB53A58bf743289D074F474F,,,,,,1,,,1,1,,,,,1,,,100,1704292092,bafkreievrwmzdhgd4wph64w5zzwtcdglvumhkfb3frlmv3cr56spibmaza,""
0x4831DdB6502ca45dbEEDf58B47292061Cdb6050B,1,1,,1,,1,,1,8,1,,,1,,1,,,100,1704293161,bafkreibmhleskwk4gofxenpoarver6iqqt3lfxjgfu2bmlxmhkwtnrduzy,""
0xAB4e4F9C9C394D72dbAE834075fd4519D7290456,1,2,1,,,2,,1,,1,,,,,,,,2391.361975245823,1704293380,bafkreia5ixouqloj4mil6umg46kevvvgj2h4f3weoy75odmuyhx34c2mzi,""
0x512B436cB2Ed6016e80d4F89ca578F99DBBccb61,1,1,2,,,3,,1,3,3,,,,,2,,,2400.8664949768445,1704293427,bafkreihy55d3sny2i5mp4mx2sff5nm33nttoafdxot63ys7naaur5y4vxy,""
0x341C2F0E48087ce4E21eF0c75Cd062629F496dF8,1,,,,,,,,1,3,,,,,,,,2197.48546560382,1704293470,bafkreihr6f5e2u5f5wtfsy3t5ru6szbljplicommf5c2q542avpgk2fp5i,""
0x4Ae6a8A28c87b75e935a90D6128F2649C969c0D8,1,1,2,1,1,3,2,1,2,3,1,2,1,1,1,1,1,2243.075276840107,1704293538,bafkreidrn4bkfdxlzknoicerwpdwdnft6x66uo3345hz77zmxiof4t6sne,""
0x4CC9E6fABb800F083a2685501d1A30CdAbb4B2De,,,1,,,,,,2,2,,,,,,,1,1332.4381099777015,1704293587,bafkreigsgxdnkjtn232xifs4rxjdfzlw4n67ukrzdqehsm2gzddzrt7wgm,""
0x11FA934f6754076AEb7Cf0A72a1c2D2518aA4C77,1,,,,,,,,,1,,1,,1,,,,1123.1398542804443,1704293634,bafkreigr66gmntv24l4g2iefm65rj3vi6646e23ir3pchcuufopg6bau2y,""
0xfB94f39B150Ae661F85762154c0CadC65E083791,3,1,,2,,3,,1,,1,,,,,,,,1125.5437704757355,1704293676,bafkreiedbfbokzxmi2o5lh3g33vxajean54r3uwkfjeehe6ktguz4ifn2m,""
0x4318cC449b1cbE6d64dd82E16abE58C79E076C2B,,1,,,,,,,1,1,,,,,,,,1000,1704293722,bafkreie5zjzwrhsjgl6hqnb2ki24xivornzob77galy4enluamcmzoyshi,""
0x50544864a4fE04FcA8401937B849b48e1E53BCD8,3,1,2,1,1,4,1,1,5,4,1,1,1,1,3,1,1,5408.815446706653,1704293737,bafkreifbvcdbch5622bpxi2bpp7nb27ftvwcdtw325bxhhw7rywtvig64m,""
0xACC3D48B216EAFbE0F943167c3087E7f0C642D6e,,,1,,,1,1,1,,1,,1,1,1,2,,,1703.1621623115386,1704293789,bafkreidbi6x4qog7mdjo3vo2x67ghobi3pq5656bditiyo3le4m36uaazi,""
0xd46E61d448568D00483D4e82b822381EE62C5774,,2,,2,,1,,,3,,2,,,1,2,1,1,743.2046858408858,1704293836,bafkreib4tvukoyby5a2zhnmyvz46blywkl3c6nkfmwp4cyppmrd6cqtopu,""
0xC9c32A8c745bB66094B8B27A74Be48E84FD1a8F3,3,3,3,3,3,2,2,2,2,2,1,1,1,1,1,1,1,914.6782398552236,1704293903,bafkreig5xzah3gn3j34cekht6cfdf72xi7usrdifeq7li4nf3phwkrwiti,""
0xeBcF41FfFa0aac1DC1B1d4D7C92A7D88694c4486,,,,2,,3,,,3,,,,,,1,,,1179.1184694335814,1704293946,bafkreiczwfi2eiltib7jbwr7q2lr2ivno2syfjxj4huqrmrc4wvpqev2oq,""
0x7993F18C91A9f68593d308C5846f380A2a374F46,1,1,1,1,1,1,1,1,1,1,1,1,1,1,1,1,1,100.1,1704294232,bafkreibzpzcnozdh6behefqdszxipwwk2lj7hwjex76lcxw6cepojmazgu,""
0xCa144Bc972E07ac38c6d68542C291cfDCEF2b31e,1,,,1,,,,,,,,,1,,,,,100,1704294723,bafkreicpj5pjdrimrz5vng7jexs5b5novu36s3mv76mm2biyvefsu5v664,""
0xCb36F8580A36788A48518dEC95Ea458357E64E30,1,1,1,1,1,1,1,1,1,5,1,1,5,1,1,1,1,100,1704295520,bafkreifjcv57qtrq4434iid2r6qr2ikufwjoywhirof57tb3hmy5cpehhe,""
0x3Aa73ed90e9f0CEd87ff99CB60cA79019279e6CE,,,,,,1,,,,1,,,,,,,,4100.490129745877,1704300896,bafkreiagvkp3jj3xp62ijmispsupjvkydvo775fhxvekr5i7nrtzialozm,""
0x0743542070891051861f8D0a4550f97B43B0B89a,,,,,,3,,,2,,,,,,1,,,100,1704301273,bafkreia2ioofgubtqf2agcyxzhg4knaghxmy7kg5rj2cufnywz2mnqai4m,""
0x48b576c87e788a762D6f95A456f2A39113b46950,1,,1,,,,,1,,1,,,1,,1,,,1000,1704301344,bafkreibpay7towvlgjoycjb7waz2ufcf6ycfxmjsl7vjd7iwsy7idfrgcq,""
0x8d0CD1AB81EaDa4F92C7cb5c8DBc25C69cc296AD,,,1,,,,,,,,,,,,,,,50000,1704302669,bafkreibetfuy33a4qqtl7yqoulptg7iulres34ktuje3prgyyilmqckpva,""
0x8498843f6D9046f7b59482978E152D61869203bC,,,,,,100,,,,,,,,,,,,432.8547,1704309249,bafkreibr33nv3xorcj7dav4ynj6crv7mgtbc55j7vnp4cogtn3xpfxyb7a,""
0x66805D8B82664Acab4CbE0C0498889dDE9aF7841,,,1,1,,,,1,,3,,,2,,,1,,1007.0989340889162,1704309761,bafkreielvvqlq3k4rbbepyuihzuuoaomr7zhftvz2gvgzcew2cyztuy4c4,""
0x84B5a60Df2d7e3397B3A4A3c6282f090304Aca26,,,,7,,,1,,,9,,,,,,,,150000,1704311452,bafkreice6k25fqce2ko753y46ahwjpo6vie2a33kyqvm7fmfuzgtcqed2u,""
0xFef75B27d4Ae3D5228bCc2912f9CdCEAfe5f82E3,,1,,,,,,,,1,,1,1,,,1,,1000,1704312513,bafkreibgi5ycxv65nyjthaemg6nnxpy7zn5pkgyx5rpsqhjqx573gtdsae,""
0xb62E762Af637b49Eb4870BCe8fE21bffF189e495,2,2,2,2,2,2,2,3,2,2,2,2,1,1,1,8,3,1000,1704314525,bafkreihboipouyfgq2akiktgqvy4jdscpk67rtd25kv7ved6y67cwqb6y4,""
0x9f729294b308f79243285348A7Be3f58ae5ED31A,2,,,,,,5,2,,,,2,,,,6,,500,1704314564,bafkreigd7pme3p5z5mvpnaj7x6s2yy3u5wpcmv2f2ctspuykly4vp3qa5m,""
0x59072B3a3287F4a75cadfb36D671A2f0d1959B09,,,,,,,,,,1,,,,,,,,1000,1704315393,bafkreicqxpwsthoxuuorhtgttngzcrw7smyhydirz5efeo2d7k3anzvr6u,""
0x14D92832265eeAFDEF9e526356FEfc90105966c3,,,,,,,,,,1,,,,,,,,1000,1704318434,bafkreiaeiyxu4fvjnkmyuj5jvzucfotgtjxbmu7zaxbqm5t3yxcwfy7bmm,""
0x76d2DDCe6b781e66c4B184C82Fbf4F94346Cfb0D,,,,,,,,,,1,,,1,,,,,389.38476809325874,1704329530,bafkreicnfphptajjwu6sb7f6izbejcerxvaplw4kulnj7aqyz4aa7ncf2m,""
0x12846A6Da4e729a6B5c33d32F93bf52EE3CAe8C3,,,,,,1,,,,,,,,,,,,100,1704341361,bafkreidcejck6smh6zlxxm6gf4btbymqlxoevwg2kyqb226fql6xfcp3ai,""
0x43e65F8116174d1c38Eed3545d21fC37ea34B565,,,,,,1,,,,,,,,,,,,100,1704341467,bafkreiek4zhxximwiczo5k6irh7gtgofk3hh22ykzxhco44jr2yptlgera,""
0xa80B9CBA10e137CF1279128523A98430B0f30733,,,,,,1,,,,,,,,,,,,110,1704341587,bafkreidzvy5jahw7jf4hneunlaasvxu6xrtk3uebw7mzwfgyvf2fg6dbpq,""
0xCA119907Cfd60C35E8EEDCf99B1dB01eF8c179AA,,,,,,1,,,,,,,,,,,,110,1704341661,bafkreidxgjancsm2mgpuqwpfktcrrvnr5utrokq4dqlc2xg2yzkbo24awu,""
0xC3d43f8E008ccFf959101b8d0d26562e84d2B204,,,,,,1,,,,,,,,,,,,110,1704341759,bafkreib6unq7wxjdtfjohxfpunnq3rmmrf2pu4wdw27tdplov2jzfnohzm,""
0xc4F91CDd498A30f8ed1dEa3883Cba314a7A2a022,1,1,,,,1,,,,1,,,1,,,,,1100,1704343679,bafkreif7n2jwjszsz5dg4lmmwmsdvmaxlffh5bbe3fw4gnjgzl2vkt27be,""
0x92b52e6441A9e2E03d080E951249d93dF222f855,,,,1,,1,,,1,,,1,1,,,,,10000,1704343858,bafkreic3aj2nc5gipjgkb2j5s3zqmms6x53tfzinbkbi5bsg57433wfzfy,""
0xFeB3E0f50107f6cfB2EC8C2bC8287f2707E0E2Ea,,,,1,,1,,,1,,,1,,,,,,100,1704350027,bafkreies67gtoatypusvuqegovtj6uq2umpol22mwh7xav6ssvlpbldaxa,""
0x7fBdE8B27D2B4F164B66F2a9dc02bbD6697e5b19,,,,,,1,,,1,,,,,,1,,,107.01015528717019,1704350065,bafkreiay5zi224o62ltsgdryogum6j3gvuzpm7iy6uhjxok2hf5lxft2qa,""
0x9cD7D1981B3e15a2DEE4d512ac60E0579Ae18546,,,,,,1,,,1,,,,,,1,,,101.1,1704350135,bafkreidqgqvxplj3vuyd2azmsb7umx25gtselytobb3idu2qi4vt65type,""
0x936d69AbCD9acdC89455EEFAf744044fFC1CA660,,,,1,,,,,,,,,1,,,,,9849.361552045677,1704352517,bafkreicnwobgoyrdu5qtc2jrybyytvpphkflxtjw5wa5hoyyhmi7iwnhpe,""
0x81a6383041593c556d1c8e69e2749b35b5008F09,,,,,,,,,,,,,1,,,,,80000,1704353251,bafkreicc2pbzcwbkslioxrk2zn5joxfl4rh6q7uhdbd2s6wbcvyfuvv7pu,""
0x16f3f2f0ba34973937A1ebb989a295Ca106b67C7,,,,16,,20,,,16,16,,,16,,16,,,1000,1704355555,bafkreifavgwdgxvyqqgfygxtm5arriw5t7ofypoeoii4vlaru35p2ana7q,""
0xBB5935dAaFbacAE82c8D2CA8377F16073D70061a,,,,16,,16,16,,20,16,,,,,16,,,1000,1704355830,bafkreiafermfahaxcvxczpoztzcw77nuoi6dkk7t2wkbaisowzjiqgjyki,""
0xba84B5cA750b33DfAdDBFdD1B7C6887885a34977,,,,16,,16,,,20,16,,,16,,16,,,1000,1704356089,bafkreidcro26p6gjlatih5c3ig5kilfhebzzxhyajrkfjbo73xg6z6722q,""
0x4e9A05226993F094A56A3472C8c816F2599423A6,,,,16,,20,,,16,16,,,16,,16,,,1000,1704356267,bafkreic62dmlgqq7c5yazc25osyv55o7z73luywh6z2od4v4crub4p7jvu,""
0x0B3BD83E857997b370FaDC8504fB712244F6786C,,,,16,,20,,,16,16,,,16,,16,,,1000,1704356499,bafkreidyigni7ladfautnsmhlizgm3cpzdioqmpbhuw3otmtrq6ywd23fe,""
0x297Aa50D0557c865F6C9B0AA0a91f41C26E55eE6,,,,16,,20,,,16,16,,,16,,16,,,900,1704356726,bafkreiefyqlxme25yzzvl2sgcwgvlc7d5e2fmijwq2dwq6t4vdppdiv62a,""
0x9Ff46343d0b652D6e766F85f9aE91653869349a5,,,,20,,16,,,16,16,,,16,,16,,,1000,1704356982,bafkreicora7v7hwo52qfxous62if5lszhmduod2m3plpmm4ndonj4sfo4q,""
0x4892139De0e73141438D9E55D593171C0Cc6B143,,,,20,,16,,,16,16,,,16,,16,,,1000,1704357232,bafkreid4doziwbpxxl7z5bhna4q6anmatydxmom6cawq3zukqfxepolpli,""
0x801a6d6dBC1e40466E131aA21D951629A9efAB4e,,,,16,,20,,,16,16,,,16,,16,,,1000,1704357477,bafkreieg5yxgj5dkckchjymwgmrm2dpczcx27codtotwkcagvnb576cdny,""
0xFC967DE4e029fdcD16B418DaC2147d282C93085b,,,,16,,16,,,20,16,,,16,,16,,,900,1704357617,bafkreieiwmpvb44j2u7guqblan33u5lpkr32vdzvtzczbmb6mbb6e45vqq,""
0x63A32F1595a68E811496D820680B74A5ccA303c5,,,,,,1,,,,,,,,,,,,937.9138657859302,1704364288,bafkreihdjjpbu3yms6vx2hmclq65tybngho7ugyeumoi7wqzzbdxayesza,""
0x2cCbbC4c10F5d807FDd447219B57D0b883a28DC8,,,,16,,20,,,16,16,,,16,,16,,,1000,1704377379,bafkreibutcocim3ru2npebjrjgmy3cbgy442cq5ofkh4mr46z5cprahwbi,""
0x1bBeAc736875c5043486A8a4374E6B5616eC8883,,,,16,,20,,,16,16,,,16,,16,,,1000,1704377469,bafkreibkilvb33zzsfxlsb2ck2avwlcw4nkgo7w35qtdpcnvflgetbc4ou,""
0x95add3DfEF3AE0A832607Dc71C4A9C6A6C2D7Eb7,,,,16,,20,,,16,16,,,16,,16,,,1000,1704377648,bafkreigjixh2y5coujf3v5sflawc3dityvi5kiflezveg7mtftqmvoaabe,""
0x744c6Eed427aF293b0106B46700fdDD3C9f62Eef,,,,16,,20,,,16,16,,,16,,16,,,1000,1704377711,bafkreia4lwsrqehklsb5vy2w5se24hf67jhcitbkdzqnmbyxwm5mowsj2m,""
0x743Ec55fc166D24D2FD0211fb6Ce53926D0Ff3b1,,,,16,,20,,,16,16,,,16,,16,,,1000,1704377773,bafkreib7vypbb5urgyvscj5puz5af5igz3ew3ssmgkn3ewjdpruxekr6mq,""
0xDd03d2434C02c6BfFb097b7130528F9568b6C70d,,,,16,,20,,,16,16,,,16,,16,,,1000,1704377827,bafkreidxr42cz4grz76t52fmeoxiyxyrofismrlo2ffrswmgxyk5lbafnq,""
0x97C12EFA574923E3ee445370d2dE432332857110,,,,16,,20,,,16,16,,,16,,16,,,1000,1704377888,bafkreifbjrcdqigsygkxjrztzr345tu575asljzn6ki2u3ougzqkmpccai,""
0xB69951a0642b55CD5731535ed5B290Fa49D3454A,,,,16,,20,,,16,16,,,16,,16,,,1000,1704377947,bafkreifz6utynyo7z27bn4k7plnpakrly6p4gxrv77a5idchmi47qloddq,""
0xBA56878729540404dE2aa14561b451aE2350744a,,,,16,,20,,,16,16,,,16,,16,,,1000,1704378010,bafkreicejtzdh2otqcthy5oub6mep4gsomyhdcncwmzzkw4thyyfl2uady,""
0xa85cdd5478B7E525a808eF9707c3e33432cE1e7F,,,,16,,20,,,16,16,,,16,,16,,,950,1704378071,bafkreidg5t7xcgpzotcagmi4tgdkgmxvxywc4f4ldbz4op3okkxx37h5pa,""
0xe8aa836a597a66724D678860D105561c13E95bFa,,,,1,,1.25,,,1,1,,,1,,1,,,3778.66,1704378407,bafkreie6ud4k2n4nsxklwcqktxhk54fztiwgvuvnebwk54ypooh3qxbxbe,""
0x40Dc654af5cE40C122ffDC679fa8E8ca8b91556A,1,,,,,,,,,,,,,,,,,1000,1704386685,bafkreibl6wutecmvgafawu7yqeknvgdcxkcqfyxzqo7w3orvm6n6bd43mi,""
0x82073f802547fEeEc0fd49719a3D7697fB66076a,1,1,1,1,,1,,,1,1,,1,1,,1,,,100,1704389068,bafkreicpnl5p2x7miusyyxh6fu4wqwuifhxlzn6frq5jqo6h2ispr2lmo4,""
0x33878e070db7f70D2953Fe0278Cd32aDf8104572,,,,,,,1,,,,,,,,,,,5000.616987324351,1704390061,bafkreieowzspsuv4ge2vifkndskt7byxb3wmduy363batubhmidrer4nhe,""
0xB986A0263b045b45765DAD38a000334c1e10B6D7,,,,1,,,1,,1,1,,,1,,1,,,993,1704391866,bafkreibmhcm6vxksl7kqwjvezxyid45b253nlfh3myuudbc5q6tqbh637a,""
0x2615214F8200B526a7B1eACe03971F2672B48CF2,,,,1,,1,,,1,1,,,1,,1,,,992,1704391897,bafkreiascg3c3nopb5hekyfktpgs42zc6u6fn6u3zrc5tby46o45sqxosi,""
0x23ee51e614cBF138e4cAbA9EC5ed4fF7D27A8596,,,,1,,,1,,1,1,,,1,,1,,,995,1704391957,bafkreieg6mgrsmbvkj4zjb5gd7vekuie53urjwmlf2frb5d42hyyr23hs4,""
0xC8Ddd59c496D04C4C060Ab5038d03d661DDC2617,,,,1,,,1,,1,1,,,1,,1,,,995,1704391969,bafkreieclkh7dkzdyktpuhs4vwqvwmdbog6l64qqr6qahbchh3anj4634y,""
0xA73064A00512aa5b6B9119cB4Eb3Fe3229269993,,1,,1,,,1,,1,1,,,1,,1,,,990,1704392079,bafkreig2knmhaicptdtniprdja5yzwzsts5y4ipdnwo4ajr4qxdkxsge6u,""
0xC6E18DE9930a1B90F339e09c574a4123c3EAcE83,1,,,1,,1,,,1,1,,,1,,1,,,1000,1704392085,bafkreibdaxuf2qu6d4mlnvmbxxwx5552dkie25c6i234lpi4scpamyeoum,""
0x1cB82ccbB3965E4df7C446B44c20F90B1c6CE9B2,1,1,,1,,,1,,1,1,,,1,,1,,,1000,1704392130,bafkreihs7yog4ygfux7hvzolbsqa7osu2z64lb6lecede3hm5hkp3gruqu,""
0x9Cf251A782cE7310D5bec0fe0a1C2B826d962545,1,1,,1,,,1,,1,1,,,1,,1,,,3230,1704392154,bafkreifkumwen3q2rzxiuqyooka5veucts4xty3pkubbvzsfyzd7xs34da,""
0xB1dE969883b1FdD90a43fF475A5171a3CfEfe76d,,,,1,,1,1,1,,1,,,1,,1,,,1000,1704400810,bafkreih73htw2e56gsrwqcrrfhdrnzqzruydjpvgds6tasidq6emv6mgk4,""
0xe64113140960528f6AF928d7cA4f45d192286a7a,10,,,,,,5,,,,,,,,10,,,1603.5194806024813,1704404531,bafkreie3nq6qxjg32fximyoyil5q4aa5seinka3ulnfr5f5kzxdtkkeexe,""
0xA8776899d2601A59A94e3Aa057Af778b8647F85C,,,,16,,20,,,16,16,,,16,,16,,,110,1704417217,bafkreiez37isf2m6zjuamx46ss3bshlsulci6qqkvpz2iwx35v6a5g52rm,""
0x26fa48591030E6E93f69877986A777fEB0626EE8,,,,16,,20,,,16,16,,,16,,16,,,111,1704417228,bafkreibpr23g55jle4picss66tpd62zfd445ep7l6rxdriwo5enpgickmu,""
0xB4C8737DD9FD2A50f201ce2494d74C2c9bcA3BB5,,,,16,,20,,,16,16,,,16,,16,,,110,1704417500,bafkreic3hhri6k4teshhk6d7grng5wkpidgchmd5ecf2ulhtq2brn2kx4a,""
0x92af24fac1326517Ce2E536E2AFAF72419103422,,,,16,,20,,,16,16,,,16,,16,,,110,1704417501,bafkreihmgtivrezx7lul74unowwegmy2cifnreoq4jpdpg26cjiqptukha,""
0x6cAb1406d2e04Cc3B442f7d585a85bACfb07Ac6b,,,,16,,20,,,16,16,,,16,,16,,,110,1704417502,bafkreihp2sjpgdpjwyrktocplebx23lnfttn5gfjl2ncppzavzg62hw3eq,""
0xAb1C327651A974890A21D79fAC2C6150D44C3d10,,,,16,,20,,,16,16,,,16,,16,,,110,1704417503,bafkreiade6cxbzarc7eey6aexls323yarsihxj4x72sumwjoqpr5riq2bm,""
0x76e10E91772c99B862ff005B7fa934322d0c3Df6,,,,16,,20,,,16,1,,,16,,16,,,110,1704417503,bafkreiagogwj4qkglztx6ielwn5fo5gdzkum57dvpncvzipyroh4dhzfxa,""
0xc0373876C2Cc38fC2f75f4dB8bF5D973fA4D7E29,,,,16,,20,,,16,16,,,16,,16,,,110,1704417504,bafkreig7hqjdk5726ubt5j4dkctxzhyaervqxvkhgqexo7bc6xdndalca4,""
0x3C01c79bf796196E1D8CCB6e486c6d246f4a48A8,,,,16,,20,,,16,16,,,16,,16,,,110,1704417505,bafkreige2mb7zgaq7ibshhujkzunpf4e6leuj75v7apnfffp6kgr7id3wy,""
0xCBa6f488f384BE185fE2cf77915c3d7a3E9d5C57,,,,16,,20,,,16,16,,,16,,16,,,110,1704417506,bafkreiez3o6aj6wtxk5yhvj5zt2thryievd4rkakldtmcejwvhw46jjvc4,""
0x65CbB0D8DaE3D9e0145eF4ed72b6e9e8367fC1aF,,,,16,,20,,,16,16,,,16,,16,,,110,1704417507,bafkreihibcdnp655p7ys3zjjlvhby2z7hjj2ub27kmguuvpewr5rz6s2mq,""
0x9D5B61A09065622Ac073FCEbd8058121FC34F755,,,,16,,20,,,16,16,,,16,,16,,,110,1704417508,bafkreihzl53k4eysjxo7tyodtflxro3u2xbfqzzfa74vpspdjwdf5cmnvi,""
0x9030352e478cB1AfCdf7235f806a3A13Dc963d52,,,,16,,20,,,16,16,,,16,,16,,,110,1704417842,bafkreibhdwdidctp7reqyrn5eqdn7hq4fg2nucc7wvpeopnvppdex6ogvy,""
0xC1f5bB071De011206781c71A8EebEA7aDA8D0df3,,,,16,,20,,,16,16,,,16,,16,,,110,1704417843,bafkreiazppkdo7yv44nlg6rydlgafpwond7vemjwtflfjfucysxbajiecu,""
0xEc3F542313Ac266968Ce61A2e4e33B95DBEE7397,,,,16,,20,,,16,16,,,16,,16,,,110,1704417843,bafkreia2xleveypbaefcm2cgoxir7v3bka3co5m5gwn7njdhpizs74al2i,""
0x387C4CC5Cf37E917d307c957eAF7E5227e1bdaaA,,,,16,,20,,,16,16,,,16,,16,,,110,1704417844,bafkreiairmg4plkkazciouu2tl477547rkvgszg6bhhwl6rb42fqubazn4,""
0x44c0FB885DD9f77693B44704Dc40c4e31a308EEA,,,,16,,20,,,16,16,,,16,,16,,,110,1704417845,bafkreieaindq7txubliptaesqpf5z63s5j5iuonoq4jfespbrlx2pc6znu,""
0x84c9fAC77e6909450A625cbf11d1bE9aDDc62E77,,,,16,,20,,,16,16,,,16,,16,,,110,1704417846,bafkreihmcung2niwmsxthenbavsigzqlmgawtlmlchahnpei4tzpclnrg4,""
0x8DDB01727E1b4E870d2d5643E653b74Ca552dBE8,,,,16,,20,,,16,16,,,16,,16,,,110,1704417847,bafkreifrmno6hwtxxbsfvc5mtgb6xih3afblc4w7ghx5hl2oyrpf5rn7eq,""
0x3bC3Dfa9ac77c38Bb24f4283D9189ED6387158D1,,,,16,,20,,,16,16,,,16,,16,,,110,1704417848,bafkreigo3nhhf7nirqb2dj44se4zqzdq7zicrandz6sbvioyo4ptzhzkfe,""
0xe7EaC2cb20079752875bC1c498cE53A5ED025aB9,,,,16,,20,,,16,16,,,16,,16,,,110,1704417849,bafkreiak5cbowmlsmyt5vvxyhxbxdrgeiejw262a6rrex4bcplbmgnnzwi,""
0x1eE45e962aF18A7a7BF3200D561269174B7B3b1c,,,,16,,20,,,16,16,,,16,,16,,,110,1704417849,bafkreighsrqioa2ifyfdw4yzwrlisqsi47uaxpor6hycl457kzgxvgz2qa,""
0x1e3832d739CC563da1a98D0e3ff903E49baba86C,,,,16,,20,,,16,16,,,16,,16,,,110,1704418309,bafkreidk5y4imfyubbhonv4zj7fau7c3ixnlq4raoj63au7szw6gji5z2m,""
0xb2FD1fF783E179144374d478436D6f2bb297A06A,,,,16,,20,,,16,16,,,16,,16,,,110,1704418309,bafkreichosnuvyu3uz7y72aoytmhmemxw2eaox3v6mtn7ukra5lpjvzzgy,""
0x4Ea8e77c5812E15ce572Be6Df0715B80a069F420,,,,16,,20,,,16,16,,,16,,16,,,110,1704418310,bafkreihvsod27xdwifrqjgrz7gubzxg7abdjpcv35ozv4txxydnfsue4d4,""
0x869D091c2C558810CB22a210c6A7f964898d72a1,,,,16,,20,,,16,16,,,16,,16,,,110,1704418311,QmRyUURVTi7kWzvLQetvAqopb6P3znmB3wbSVhGAFfJd9d,""
0xCf544eD05e9c29C3Ea3335111739E21D98945260,,,,16,,20,,,16,16,,,16,,16,,,110,1704418312,bafkreiclhjyaj3tbmmcygvvmqfjymerhr6zuvrvoraupf72ii7lpezfelu,""
0x7a62729d31945904DeB5CDd646532e4683ed70C0,,,,16,,20,,,16,16,,,16,,16,,,110,1704418313,bafkreiecfxev37e4wssyyc72iyxj2vy33l5fx5p5buog22tizzkdgshpii,""
0x10343B076E2bCac3A66dC7e72227c6591F5B7df4,,,,16,,20,,,16,16,,,16,,16,,,110,1704418314,bafkreieusdqrnkdc3gq3qqexa4u6t3gjao4ybmyuygcvcrcrdmwuy3hhfi,""
0x0aCC85d306d141ddF6AdA4622f1854422Cb542E6,,,,16,,20,,,16,16,,,16,,16,,,110,1704418315,bafkreicb7moarmpskfxeiwm55qly4cvtzqqbalnpecccws3qtspqkp7uxu,""
0x642C0b9EdDD83dCFA735976DD1cC844C0B1204C6,,,,16,,20,,,16,16,,,16,,16,,,110,1704418316,bafkreighx4o6pzhrv7hsn2f2y5u44extyepu5cxpgv2j2yd4ljiur55fxy,""
0x9B6F53D2beC7416722412a8d1e48aa3bae84325F,,,,16,,20,,,16,16,,,16,,16,,,110,1704418317,bafkreickwhcuyq35qjlqy24xttuk7qfz5hkuowcvwdmkmso5qzr44p6xwa,""
0x50418699cB44BfDa9c9afc9B7a0b0d244d8927D2,1,1,,,,1,,,1,1,,,,,,,,500,1704419411,bafkreig5cbgrd7tvy25loprrhxzpwsalsdk5f5eo6wn76dpifnqft6gkxy,""
0xac176d9A8DBae960E7b539f4a6E16aD9003Ab37A,,,,16,,20,,,16,16,,,16,,16,,,110,1704421967,bafkreigrmf5wannn4w4zgqcitoj67q3gcuyo4mbgjvvtrv77jr5ven2ybm,""
0x71D0c96d7f574D1a734F5803a8f1Ae839AA7a5D4,,,,16,,20,,,16,16,,,16,,16,,,110,1704421967,bafkreidpi7z7jayjp7q6hrvpb6eca5j5v2rddjsn4ogm5enmnxbe5xy66m,""
0xCfF9d27EbA4b7FFba8E9d33fc3F894cb095b54F7,,,,16,,20,,,16,16,,,16,,16,,,110,1704421970,bafkreieu3xrj66ggzk3q3jmewbgpsanmxfdwemmunilyjx6bjkkp3z36a4,""
0xaDD7B1E78f0E59d96135C5240E1175D5A7DC210d,,,,16,,20,,,16,16,,,16,,16,,,110,1704421971,bafkreieah65mbusmhq7pobpvbimfuokjem3ghdmbonzlthcwbqs6iu2mva,""
0x0c1be517A0d9D888C6c686EF4e4b74bBe496d047,,,,16,,20,,,16,16,,,16,,16,,,110,1704421971,bafkreiffbra67fyav5fpzibiosyl3knikwxikozfid2avo4qu7ysjfai2m,""
0x8100b643fa91d7A05704913A1242b2e2c2B7fB7c,,,,16,,20,,,16,16,,,16,,16,,,110,1704421973,bafkreiaeaqmz7eymcyeqhqxmxcud2zuavzlvari7m7rqt4j35o52lk4jiy,""
0xf7a3bc9e0962E15a0a4dD5260263CF0DEea0808A,,,,16,,20,,,16,16,,,16,,16,,,110,1704421974,bafkreigvmjkrjywe62pfemxyuxq66njt5xblmys34bajtjxs26hynj6tba,""
0x6E0Ef43c2B5Bda0e145033a4164d93F8D06d8538,,,,16,,20,,,16,16,,,16,,16,,,110,1704421975,bafkreig47erx6sc7wmko22et4235jb5fnj75xuivjc2q3zjwqtlxglnh5i,""
0xC19C63d295E19D8E3Be7d4fD32b6E29105BbAcbA,,,,16,,20,,,16,16,,,16,,16,,,110,1704422009,bafkreicnoo4ixioqquakrsm5v2lezkdpk2qadkuehun74pusbs3zlwwbiq,""
0xe52C39327FF7576bAEc3DBFeF0787bd62dB6d726,,,,,,,,,,,,,,,1,,,1000,1704422589,bafkreiez76xgd4m7edcrttmv7hnq55f4hn5hwwdtqpboo55n266dz2mazm,"This is the answer."
0x080B0a14D0D84Cee92ad2eDc8a69e494C842a6a5,,,,16,,20,,,16,16,,,16,,16,,,110,1704422947,bafkreid6johpxiy3af3kbwa763zxia5jaouqhhjzwwd2omdb5wlxkc6uty,""
0x7E5F476De2886bb37ed92cEC195cB9Ce311bfe50,,,,16,,20,,,16,16,,,16,,16,,,110,1704422948,bafkreihjjpgxx44kf63ilfrdafreoh53tsgpfdoarfcylvmxvn4wdp57zm,""
0xf48478f4d08387611Ec93FA8b25c5E1aB80Cf122,,,,16,,20,,,16,16,,,16,,16,,,110,1704422948,bafkreid4npsutugdffj5x7k6qzgixuzjhe6qf23r7oji2b4jnc6edg4rry,""
0xEF96945175b17D7C13f5E534f6953Fa94f0b7695,,,,16,,20,,,16,16,,,16,,16,,,110,1704422949,bafkreibhydy2h2gqxkyk7pftuzd7rb7dd7pgzo3cr5l4jjvybanph5idai,""
0x3fe4A67c56F2899c878b05Af8944398bbfA85156,,,,16,,20,,,16,16,,,16,,16,,,110,1704422950,bafkreie4y5kwvpi5uhbypgevoa45hzpkk2crovjjjb5adnwruuwun2zbpi,""
0x3AfcB2b25ce7C76C15Bb4C4c43780f76b6181479,,,,16,,20,,,16,16,,,16,,16,,,110,1704422951,bafkreiesumqvrba6afw5qfxkeuely4wc4j3fluwlsjn5hdcj2doko3zpwm,""
0x9052d9d9e30AFA79a8445b25AcFc6141B2075737,,,,16,,20,,,16,16,,,16,,16,,,110,1704422952,bafkreiaywpxzvbgy54wxx4nhl5sxwcfe2fets66bmnn6eu4zhsqkjphicy,""
0xcDEc2C8682840d593CDb221634C16dC6acA77Fe9,,,,16,,20,,,16,16,,,16,,16,,,110,1704422953,bafkreidb3s5vdbjpdwmdyb2psxhlg22xr4m57ljuobrypcmc5wwcknpyye,""
0xD08afA644e562E1B3D6e2385FdeB67912410f04F,,,,16,,20,,,16,16,,,16,,16,,,110,1704422954,bafkreideb4pqimiskbda5cctwuirln5dhihrkytmjwa5hfykdj242nnooa,""
0x990B415088Ad6dF8db9B7ed7a561b6C9b8AF5875,,,,16,,20,,,16,16,,,16,,16,,,110,1704422954,bafkreib4hpoqnsu6xymicpozfnglonl3gwfay2hi7ur7y5qjsmoekp6rli,""
0xE04F0ABe1933499ff1d075fa10738cE7aAd26b1A,,,,16,,20,,,16,16,,,16,,16,,,110,1704422956,bafkreifrccqe464knvsc23mbwhajh6hsfivoeukqzvkaa4s4dazsckz6bu,""
0xEd36bf0b2b17768E782Db2ece6A327055b2f3e9C,,,,1,,1,,,1,1,,,1,,1,,,200,1704423470,bafkreihgvkrw6utac5u5sc6l6inijatt5zjxr3gamz4qilguv4zdxd6fim,""
0x86e6b55bB954e1cfAb567f9582E0fa580bb0290d,1,,1,1,,,1,,,1,,,3,,,,,1000,1704424703,bafkreidaxqhoodjp37rlahrx4a4ygljro57yphrrkbizu272cloom5qghu,""
0x27259b0F4209e76f8C6Cf27106C9FF83BdC2E831,,,,,,,,,,,,,1,,,,,1000,1704426382,bafkreifhq5df7krmjun4we4wyh54awvptn4k6xnj6ipsnkidagvifasppa,""
0x0D2349e291A9e0Bb755bFFA4097E6D378A72330B,,,,,,,,,,1,,,1,,,,,1000,1704426796,bafkreigsavwoyxc3uxez7nhpqrwdbtwzhef4cpqjik6en6cosrka44wzbe,""
0x9BF829EB2Dea8109B098353e7c91629C7FC77F2A,,,,16,,20,,,16,16,,,16,,16,,,110,1704427998,bafkreidgdwa6i3ztmbrmitstmnircypeunoylyft4bix6pysniy23na5ha,""
0x01935087b1da357A00CbDd1010B2b9647991fcF1,,,,16,,20,,,16,16,,,16,,16,,,110,1704427999,bafkreibaigp2ss4qem6hcja5gy6vr6ttvh5sucrtb47apowxxrhokw4es4,""
0xEa8cAeb4F367844EeC65FA917cE10A91Ee3e69D8,,,,16,,20,,,16,16,,,16,,16,,,110,1704427999,bafkreigy3x2jjtnum7unsnbaldw3ue3hsr3hk2sxef5seslragzxmitbom,""
0x7c8aFBbd7239fEd03AaACfAf1E4E30503E90c2d0,,,,16,,20,,,16,16,,,16,,16,,,110,1704428000,bafkreihwmhz5qzht3jm2dvgqxrifypd6mbzypnbmk2gj4boeoow3n3venq,""
0x8C2B3e9946f57820CB2f11B30ce8010F8a74e8EC,,,,16,,20,,,16,16,,,16,,16,,,110,1704428001,bafkreibj5swibi7ancasfagcqcyfehnb475adrdd6m5mcgikpueksoip2m,""
0x98940Dd82B5E66D8ec340110d6e15BE8a4086b64,,,,16,,20,,,16,16,,,16,,16,,,110,1704428003,bafkreigvpcl5xx4tmf5z374jte3pizoc5iku7f7jfwg4tcgpyubucmhfjm,""
0xf2c601710CEDC357b752408b7E5023B84819F953,,,,16,,20,,,16,16,,,16,,16,,,110,1704428004,bafkreibvbc4bhxluyqk6kkwnu3othxti3ldlctalw3f43bl7z5i75ht5yq,""
0x93F38a40e451B17BE5Dc88898ece26c43a75B1C8,,,,16,,20,,,16,16,,,16,,16,,,110,1704428006,bafkreievglxkgy4s3mt5oenr4m2r427a37zt6347rbi67ydlqjbwinsrsi,""
0xE2e464938c866203228aca1603c77D0279bda31D,,,,16,,20,,,16,16,,,16,,16,,,110,1704428008,bafkreiafpvofuitl5v6pjytew5mb5h27lymndoe7kxjs6nhoqncudubqb4,""
0xd3FD8a8c4ff9C06C796D21658C6a1fCD91b2E1BB,,,,16,,20,,,16,16,,,16,,16,,,110,1704428009,bafkreih77b7kps2zjdf6ff5lopsollphclsgaatti3eazy7puduw7tkvf4,""
0xE83B9A1B9056B21a01b85162E77AD76a42A1c64B,,1,,,,,,,,1,,,1,,,,,250,1704449343,bafkreigrsdjkavtwxfoco4xlaswwibvsnzajw6xvdeggskv5nojqo3kdtm,""
0x5f0bD06A71E038206ef3e5090eB448E9a9773772,,,,1,,1,,1,,1,,,1,,1,,,363873.1695222636,1704458814,bafkreigw5vyamstarbhu4fqdo7ql2m2vb2la6zben64xxvugcoigtrpoui,""
0x765a16ca391A6b9249cfA65bf2D14C38722198e3,1,1,1,1,,,,1,,1,,1,1,1,,,,1000,1704459861,bafkreihegstrar4kn4wys6pflzko5y5ruitczjmd5m4p7hceyacfatlvfm,""
0xE2D6AFF297b41881c1aEA9599F68AEDFAB38C651,1,,,,,,,,,1,,,2,,,,,2000,1704462554,bafkreihgatv2cx23etvtkxun7u334uvmigy2smchnfqgnd2ma3faiubnee,""
0xA8F0048A0d1A04663Ca5010d0bEaC5BCAEeA0eef,1,30,1,1,1,1,1,2,6,40,2,5,20,2,2,2,2,1000,1704466789,bafkreicaewz4lvs2guqmtvxnq7ta3kokyrzupuwenn32mt6a5fni3khtuy,""
0xA4369e39e3ED13593Adb0142A1ea5d08AbdF99C4,,,,,,,,,,,,,100,,,,,1000,1704466852,bafkreia3qnjnkgoosdcyjmtuhu3wzlifw5h2cugzalduzfhtugarasdyoy,""
0x65F632cfe8015B7ae6976e549645ed04cde60fe4,,,,1,,1,,,1,1,,,1,,1,,,487,1704468761,bafkreibgzmfqdcknfsov7yuwbul3x3i2eadsgwlouzazpgdatgnhmrrza4,""
0xC46c67Bb7E84490D7EbdD0b8ecDaca68Cf3823F4,1,1,,,,,5,,5,,,1,,,1,,,1000,1704469011,bafkreigu2md5u3fvodr5cvsjgtcagleuf3z53zxe7woyvcf5ak5aox6nka,""